{
  "agent_name": "Athena",
  "timestamp": 1758005455.420535,
  "benchmark_history": [
    {
      "operation_type": "reasoning_tree",
      "execution_mode": "sync_single",
      "total_duration": 0.06028638600002978,
      "avg_duration": 0.02009467066667033,
      "min_duration": 0.020086825000021236,
      "max_duration": 0.02010750099998404,
      "operations_count": 3,
      "success_count": 3,
      "error_count": 0,
      "throughput": 49.76247871283109,
      "concurrency_level": 1
    },
    {
      "operation_type": "reasoning_tree",
      "execution_mode": "sync_concurrent_3",
      "total_duration": 0.021709427000018877,
      "avg_duration": 0.020102556666643068,
      "min_duration": 0.02007626900001469,
      "max_duration": 0.020128719999888744,
      "operations_count": 3,
      "success_count": 3,
      "error_count": 0,
      "throughput": 138.18881539330317,
      "concurrency_level": 3
    },
    {
      "operation_type": "reasoning_tree",
      "execution_mode": "async_concurrent_1",
      "total_duration": 0.06172784800003228,
      "avg_duration": 0.020547125333337135,
      "min_duration": 0.020469869000066865,
      "max_duration": 0.020694470999956138,
      "operations_count": 3,
      "success_count": 3,
      "error_count": 0,
      "throughput": 48.60043071643177,
      "concurrency_level": 1
    },
    {
      "operation_type": "reasoning_tree",
      "execution_mode": "async_concurrent_3",
      "total_duration": 0.021514529000000948,
      "avg_duration": 0.021379559333354337,
      "min_duration": 0.02134494100005213,
      "max_duration": 0.021419261000005463,
      "operations_count": 3,
      "success_count": 3,
      "error_count": 0,
      "throughput": 139.4406542666989,
      "concurrency_level": 3
    }
  ]
}